source,source_version,source_label,source_type,target_geo_id,valid_from,valid_to,reason,review_status
SurvStat@RKI,SurvStat@RKI 2.0,SK Freiburg i.Breisgau,SK,08311,2024-12-31,2024-12-31,Reviewed exact source-label alias for the 2024 reference register,reviewed
SurvStat@RKI,SurvStat@RKI 2.0,LK Landsberg a.Lech,LK,09181,2024-12-31,2024-12-31,Reviewed exact source-label alias for the 2024 reference register,reviewed
SurvStat@RKI,SurvStat@RKI 2.0,SK Kempten,SK,09763,2024-12-31,2024-12-31,Reviewed exact source-label alias for the 2024 reference register,reviewed
SurvStat@RKI,SurvStat@RKI 2.0,LK Lindau,LK,09776,2024-12-31,2024-12-31,Reviewed exact source-label alias for the 2024 reference register,reviewed
SurvStat@RKI,SurvStat@RKI 2.0,SK Brandenburg a.d.Havel,SK,12051,2024-12-31,2024-12-31,Reviewed exact source-label alias for the 2024 reference register,reviewed
SurvStat@RKI,SurvStat@RKI 2.0,LK Spree-Neiße,LK,12071,2024-12-31,2024-12-31,Reviewed exact source-label alias for the 2024 reference register,reviewed
SurvStat@RKI,SurvStat@RKI 2.0,SK Offenbach,SK,06413,2024-12-31,2024-12-31,Reviewed exact source-label alias for the 2024 reference register,reviewed
SurvStat@RKI,SurvStat@RKI 2.0,SK Oldenburg,SK,03403,2024-12-31,2024-12-31,Reviewed exact source-label alias for the 2024 reference register,reviewed
SurvStat@RKI,SurvStat@RKI 2.0,SK Mülheim a.d.Ruhr,SK,05117,2024-12-31,2024-12-31,Reviewed exact source-label alias for the 2024 reference register,reviewed
SurvStat@RKI,SurvStat@RKI 2.0,StädteRegion Aachen,StädteRegion,05334,2024-12-31,2024-12-31,Reviewed exact source-label alias for the 2024 reference register,reviewed
SurvStat@RKI,SurvStat@RKI 2.0,LK Altenkirchen,LK,07132,2024-12-31,2024-12-31,Reviewed exact source-label alias for the 2024 reference register,reviewed
SurvStat@RKI,SurvStat@RKI 2.0,SK Frankenthal,SK,07311,2024-12-31,2024-12-31,Reviewed exact source-label alias for the 2024 reference register,reviewed
SurvStat@RKI,SurvStat@RKI 2.0,SK Landau i.d.Pfalz,SK,07313,2024-12-31,2024-12-31,Reviewed exact source-label alias for the 2024 reference register,reviewed
SurvStat@RKI,SurvStat@RKI 2.0,SK Ludwigshafen,SK,07314,2024-12-31,2024-12-31,Reviewed exact source-label alias for the 2024 reference register,reviewed
SurvStat@RKI,SurvStat@RKI 2.0,SK Neustadt a.d.Weinstraße,SK,07316,2024-12-31,2024-12-31,Reviewed exact source-label alias for the 2024 reference register,reviewed
SurvStat@RKI,SurvStat@RKI 2.0,LK Bitburg-Prüm,LK,07232,2024-12-31,2024-12-31,Reviewed exact source-label alias for the 2024 reference register,reviewed
SurvStat@RKI,SurvStat@RKI 2.0,LK Sankt Wendel,LK,10046,2024-12-31,2024-12-31,Reviewed exact source-label alias for the 2024 reference register,reviewed
SurvStat@RKI,SurvStat@RKI 2.0,LK Stadtverband Saarbrücken,LK,10041,2024-12-31,2024-12-31,Reviewed exact source-label alias for the 2024 reference register,reviewed
SurvStat@RKI,SurvStat@RKI 2.0,SK Halle,SK,15002,2024-12-31,2024-12-31,Reviewed exact source-label alias for the 2024 reference register,reviewed
