spec_id,spec_version,measure,base_query_role,replacement_query_role,exclude_geo_id,replacement_target_geo_id,temporal_keys,expected_base_units,expected_excluded_units,expected_replacement_units,expected_output_units,review_status,reason
survstat-incidence-districts-2024,2024.12.31-v1,incidence,kreis_incidence,bundesland_incidence,survstat:rki:berlin-bezirk:charlottenburg-wilmersdorf,11000,reporting_year;reporting_week,411,12,1,400,reviewed,Replace reviewed Berlin Bezirk source incidences with the separately queried Berlin Bundesland incidence
survstat-incidence-districts-2024,2024.12.31-v1,incidence,kreis_incidence,bundesland_incidence,survstat:rki:berlin-bezirk:friedrichshain-kreuzberg,11000,reporting_year;reporting_week,411,12,1,400,reviewed,Replace reviewed Berlin Bezirk source incidences with the separately queried Berlin Bundesland incidence
survstat-incidence-districts-2024,2024.12.31-v1,incidence,kreis_incidence,bundesland_incidence,survstat:rki:berlin-bezirk:lichtenberg,11000,reporting_year;reporting_week,411,12,1,400,reviewed,Replace reviewed Berlin Bezirk source incidences with the separately queried Berlin Bundesland incidence
survstat-incidence-districts-2024,2024.12.31-v1,incidence,kreis_incidence,bundesland_incidence,survstat:rki:berlin-bezirk:marzahn-hellersdorf,11000,reporting_year;reporting_week,411,12,1,400,reviewed,Replace reviewed Berlin Bezirk source incidences with the separately queried Berlin Bundesland incidence
survstat-incidence-districts-2024,2024.12.31-v1,incidence,kreis_incidence,bundesland_incidence,survstat:rki:berlin-bezirk:mitte,11000,reporting_year;reporting_week,411,12,1,400,reviewed,Replace reviewed Berlin Bezirk source incidences with the separately queried Berlin Bundesland incidence
survstat-incidence-districts-2024,2024.12.31-v1,incidence,kreis_incidence,bundesland_incidence,survstat:rki:berlin-bezirk:neukölln,11000,reporting_year;reporting_week,411,12,1,400,reviewed,Replace reviewed Berlin Bezirk source incidences with the separately queried Berlin Bundesland incidence
survstat-incidence-districts-2024,2024.12.31-v1,incidence,kreis_incidence,bundesland_incidence,survstat:rki:berlin-bezirk:pankow,11000,reporting_year;reporting_week,411,12,1,400,reviewed,Replace reviewed Berlin Bezirk source incidences with the separately queried Berlin Bundesland incidence
survstat-incidence-districts-2024,2024.12.31-v1,incidence,kreis_incidence,bundesland_incidence,survstat:rki:berlin-bezirk:reinickendorf,11000,reporting_year;reporting_week,411,12,1,400,reviewed,Replace reviewed Berlin Bezirk source incidences with the separately queried Berlin Bundesland incidence
survstat-incidence-districts-2024,2024.12.31-v1,incidence,kreis_incidence,bundesland_incidence,survstat:rki:berlin-bezirk:spandau,11000,reporting_year;reporting_week,411,12,1,400,reviewed,Replace reviewed Berlin Bezirk source incidences with the separately queried Berlin Bundesland incidence
survstat-incidence-districts-2024,2024.12.31-v1,incidence,kreis_incidence,bundesland_incidence,survstat:rki:berlin-bezirk:steglitz-zehlendorf,11000,reporting_year;reporting_week,411,12,1,400,reviewed,Replace reviewed Berlin Bezirk source incidences with the separately queried Berlin Bundesland incidence
survstat-incidence-districts-2024,2024.12.31-v1,incidence,kreis_incidence,bundesland_incidence,survstat:rki:berlin-bezirk:tempelhof-schöneberg,11000,reporting_year;reporting_week,411,12,1,400,reviewed,Replace reviewed Berlin Bezirk source incidences with the separately queried Berlin Bundesland incidence
survstat-incidence-districts-2024,2024.12.31-v1,incidence,kreis_incidence,bundesland_incidence,survstat:rki:berlin-bezirk:treptow-köpenick,11000,reporting_year;reporting_week,411,12,1,400,reviewed,Replace reviewed Berlin Bezirk source incidences with the separately queried Berlin Bundesland incidence
