source,source_version,from_geo_id,from_geo_level,to_geo_id,relation_type,valid_from,valid_to,review_status,reason
SurvStat@RKI,SurvStat@RKI 2.0,survstat:rki:berlin-bezirk:charlottenburg-wilmersdorf,survstat_berlin_bezirk,11000,aggregate,2024-12-31,2024-12-31,reviewed,Reviewed SurvStat Berlin Bezirk aggregation to canonical Berlin for the 2024 reference register
SurvStat@RKI,SurvStat@RKI 2.0,survstat:rki:berlin-bezirk:friedrichshain-kreuzberg,survstat_berlin_bezirk,11000,aggregate,2024-12-31,2024-12-31,reviewed,Reviewed SurvStat Berlin Bezirk aggregation to canonical Berlin for the 2024 reference register
SurvStat@RKI,SurvStat@RKI 2.0,survstat:rki:berlin-bezirk:lichtenberg,survstat_berlin_bezirk,11000,aggregate,2024-12-31,2024-12-31,reviewed,Reviewed SurvStat Berlin Bezirk aggregation to canonical Berlin for the 2024 reference register
SurvStat@RKI,SurvStat@RKI 2.0,survstat:rki:berlin-bezirk:marzahn-hellersdorf,survstat_berlin_bezirk,11000,aggregate,2024-12-31,2024-12-31,reviewed,Reviewed SurvStat Berlin Bezirk aggregation to canonical Berlin for the 2024 reference register
SurvStat@RKI,SurvStat@RKI 2.0,survstat:rki:berlin-bezirk:mitte,survstat_berlin_bezirk,11000,aggregate,2024-12-31,2024-12-31,reviewed,Reviewed SurvStat Berlin Bezirk aggregation to canonical Berlin for the 2024 reference register
SurvStat@RKI,SurvStat@RKI 2.0,survstat:rki:berlin-bezirk:neukölln,survstat_berlin_bezirk,11000,aggregate,2024-12-31,2024-12-31,reviewed,Reviewed SurvStat Berlin Bezirk aggregation to canonical Berlin for the 2024 reference register
SurvStat@RKI,SurvStat@RKI 2.0,survstat:rki:berlin-bezirk:pankow,survstat_berlin_bezirk,11000,aggregate,2024-12-31,2024-12-31,reviewed,Reviewed SurvStat Berlin Bezirk aggregation to canonical Berlin for the 2024 reference register
SurvStat@RKI,SurvStat@RKI 2.0,survstat:rki:berlin-bezirk:reinickendorf,survstat_berlin_bezirk,11000,aggregate,2024-12-31,2024-12-31,reviewed,Reviewed SurvStat Berlin Bezirk aggregation to canonical Berlin for the 2024 reference register
SurvStat@RKI,SurvStat@RKI 2.0,survstat:rki:berlin-bezirk:spandau,survstat_berlin_bezirk,11000,aggregate,2024-12-31,2024-12-31,reviewed,Reviewed SurvStat Berlin Bezirk aggregation to canonical Berlin for the 2024 reference register
SurvStat@RKI,SurvStat@RKI 2.0,survstat:rki:berlin-bezirk:steglitz-zehlendorf,survstat_berlin_bezirk,11000,aggregate,2024-12-31,2024-12-31,reviewed,Reviewed SurvStat Berlin Bezirk aggregation to canonical Berlin for the 2024 reference register
SurvStat@RKI,SurvStat@RKI 2.0,survstat:rki:berlin-bezirk:tempelhof-schöneberg,survstat_berlin_bezirk,11000,aggregate,2024-12-31,2024-12-31,reviewed,Reviewed SurvStat Berlin Bezirk aggregation to canonical Berlin for the 2024 reference register
SurvStat@RKI,SurvStat@RKI 2.0,survstat:rki:berlin-bezirk:treptow-köpenick,survstat_berlin_bezirk,11000,aggregate,2024-12-31,2024-12-31,reviewed,Reviewed SurvStat Berlin Bezirk aggregation to canonical Berlin for the 2024 reference register
