source,source_version,source_label,source_type,source_geo_id,source_geo_name,source_geo_level,valid_from,valid_to,reason,review_status
SurvStat@RKI,SurvStat@RKI 2.0,SK Berlin Charlottenburg-Wilmersdorf,SK,survstat:rki:berlin-bezirk:charlottenburg-wilmersdorf,Charlottenburg-Wilmersdorf,survstat_berlin_bezirk,2024-12-31,2024-12-31,Reviewed SurvStat source spatial unit requiring a later explicit relation,reviewed
SurvStat@RKI,SurvStat@RKI 2.0,SK Berlin Friedrichshain-Kreuzberg,SK,survstat:rki:berlin-bezirk:friedrichshain-kreuzberg,Friedrichshain-Kreuzberg,survstat_berlin_bezirk,2024-12-31,2024-12-31,Reviewed SurvStat source spatial unit requiring a later explicit relation,reviewed
SurvStat@RKI,SurvStat@RKI 2.0,SK Berlin Lichtenberg,SK,survstat:rki:berlin-bezirk:lichtenberg,Lichtenberg,survstat_berlin_bezirk,2024-12-31,2024-12-31,Reviewed SurvStat source spatial unit requiring a later explicit relation,reviewed
SurvStat@RKI,SurvStat@RKI 2.0,SK Berlin Marzahn-Hellersdorf,SK,survstat:rki:berlin-bezirk:marzahn-hellersdorf,Marzahn-Hellersdorf,survstat_berlin_bezirk,2024-12-31,2024-12-31,Reviewed SurvStat source spatial unit requiring a later explicit relation,reviewed
SurvStat@RKI,SurvStat@RKI 2.0,SK Berlin Mitte,SK,survstat:rki:berlin-bezirk:mitte,Mitte,survstat_berlin_bezirk,2024-12-31,2024-12-31,Reviewed SurvStat source spatial unit requiring a later explicit relation,reviewed
SurvStat@RKI,SurvStat@RKI 2.0,SK Berlin Neukölln,SK,survstat:rki:berlin-bezirk:neukölln,Neukölln,survstat_berlin_bezirk,2024-12-31,2024-12-31,Reviewed SurvStat source spatial unit requiring a later explicit relation,reviewed
SurvStat@RKI,SurvStat@RKI 2.0,SK Berlin Pankow,SK,survstat:rki:berlin-bezirk:pankow,Pankow,survstat_berlin_bezirk,2024-12-31,2024-12-31,Reviewed SurvStat source spatial unit requiring a later explicit relation,reviewed
SurvStat@RKI,SurvStat@RKI 2.0,SK Berlin Reinickendorf,SK,survstat:rki:berlin-bezirk:reinickendorf,Reinickendorf,survstat_berlin_bezirk,2024-12-31,2024-12-31,Reviewed SurvStat source spatial unit requiring a later explicit relation,reviewed
SurvStat@RKI,SurvStat@RKI 2.0,SK Berlin Spandau,SK,survstat:rki:berlin-bezirk:spandau,Spandau,survstat_berlin_bezirk,2024-12-31,2024-12-31,Reviewed SurvStat source spatial unit requiring a later explicit relation,reviewed
SurvStat@RKI,SurvStat@RKI 2.0,SK Berlin Steglitz-Zehlendorf,SK,survstat:rki:berlin-bezirk:steglitz-zehlendorf,Steglitz-Zehlendorf,survstat_berlin_bezirk,2024-12-31,2024-12-31,Reviewed SurvStat source spatial unit requiring a later explicit relation,reviewed
SurvStat@RKI,SurvStat@RKI 2.0,SK Berlin Tempelhof-Schöneberg,SK,survstat:rki:berlin-bezirk:tempelhof-schöneberg,Tempelhof-Schöneberg,survstat_berlin_bezirk,2024-12-31,2024-12-31,Reviewed SurvStat source spatial unit requiring a later explicit relation,reviewed
SurvStat@RKI,SurvStat@RKI 2.0,SK Berlin Treptow-Köpenick,SK,survstat:rki:berlin-bezirk:treptow-köpenick,Treptow-Köpenick,survstat_berlin_bezirk,2024-12-31,2024-12-31,Reviewed SurvStat source spatial unit requiring a later explicit relation,reviewed
